Clase_A,Clase_B,Clase_C,Clase_D,Clase_E,Clase_F,Clase_G,Clase_H,Clase_I
89,71,66,69,71,56,37,33,37
73,71,54,72,71,61,58,40,57
73,52,55,70,52,67,56,38,55
75,74,61,71,74,57,47,52,16
88,74,59,72,74,81,45,76,51
95,72,62,74,72,68,40,62,60
81,69,59,72,69,75,42,38,27
73,75,56,68,75,72,63,73,65
76,63,57,79,63,91,51,88,66
73,69,58,70,69,71,60,54,53
75,65,50,70,65,66,66,59,52
80,65,66,71,65,96,32,39,67
81,63,59,72,63,83,79,33,42
92,72,50,70,72,62,47,57,59
98,75,61,72,75,78,73,51,47
85,60,66,71,60,71,29,46,65
70,65,47,68,65,61,64,41,51
77,73,46,73,73,68,49,54,47
85,68,60,72,68,72,51,51,33
83,66,62,70,66,72,63,43,56
88,68,63,72,68,60,62,62,25
74,78,60,70,78,64,44,45,63
84,67,77,66,67,71,30,51,66
90,77,67,72,77,58,43,51,51
81,63,55,73,63,72,57,49,38
81,70,51,69,70,50,70,68,57
83,63,65,66,63,70,33,39,22
68,66,60,72,66,82,58,57,31
91,59,55,67,59,73,61,59,46
82,61,72,68,61,72,51,49,52
70,74,63,71,74,65,65,84,37
78,75,68,72,75,90,29,37,45
77,72,65,72,72,55,76,52,40
89,53,62,67,53,70,50,34,59
73,69,66,68,69,80,71,33,50
81,66,68,70,66,80,47,75,27
79,76,61,75,76,72,52,62,57
83,57,55,71,57,83,37,37,55
73,76,47,71,76,73,25,45,53
87,67,72,76,67,55,38,51,55
72,73,52,71,73,81,56,56,46
81,73,74,73,73,73,39,50,50
97,64,62,65,64,71,68,45,24
77,89,70,74,89,56,53,66,57
79,78,60,72,78,71,54,43,47
76,68,41,68,68,49,47,39,53
71,73,68,72,73,50,32,46,59
79,71,73,68,71,77,50,44,61
85,74,52,69,74,65,31,56,59
85,82,47,71,82,77,60,43,42
77,70,46,70,70,67,28,47,68
80,70,53,73,70,71,37,57,58
83,57,63,73,57,55,77,53,56
85,72,66,73,72,79,63,39,32
76,63,72,75,63,67,49,39,61
83,73,56,62,73,79,49,48,35
73,77,45,70,77,49,58,48,57
72,76,59,69,76,56,58,42,52
79,64,48,73,64,67,76,36,49
90,69,52,64,69,74,60,39,62
78,65,67,74,65,46,22,56,58
90,62,78,70,62,67,31,52,42
79,83,64,74,83,69,29,70,54
76,67,60,70,67,76,47,50,65
64,66,51,67,66,76,46,63,65
68,56,56,68,56,75,45,42,46
80,78,66,68,78,85,34,52,68
88,73,53,64,73,45,46,50,66
87,76,65,71,76,86,21,57,57
85,70,74,70,70,81,42,36,25
82,72,62,70,72,74,54,38,63
85,59,61,68,59,71,78,44,50
79,66,62,66,66,88,47,40,58
90,83,66,70,83,76,58,42,61
88,73,60,69,73,79,49,38,44
87,79,62,70,79,95,53,57,40
81,65,67,68,65,72,45,51,56
87,61,59,77,61,80,52,68,38
82,64,61,70,64,61,42,36,52
87,78,68,68,78,72,28,74,66
81,57,62,65,57,85,38,68,61
81,69,76,71,69,77,38,51,56
79,74,53,72,74,77,52,81,64
82,64,61,73,64,76,32,48,51
91,64,57,66,64,40,35,73,59
75,83,61,70,83,96,47,44,60
64,73,61,74,73,59,43,37,67
82,70,66,69,70,69,44,52,65
89,79,54,72,79,68,46,72,36
86,71,65,71,71,53,37,40,54
73,73,57,72,73,72,53,46,43
80,70,57,73,70,70,73,41,48
68,72,48,72,72,75,67,36,52
73,77,59,70,77,84,66,36,60
72,68,67,74,68,76,57,91,52
84,66,58,71,66,81,52,61,51
74,71,56,68,71,71,69,49,40
85,55,61,70,55,55,64,41,55
76,72,60,70,72,99,53,41,57
83,59,60,74,59,86,46,33,52
